{"cameraMode":{"drawMode":0,"name":"Shaded","section":"Shading Mode"},"sceneLighting":false,"audioPlay":false,"sceneViewState":{"showFog":true,"showMaterialUpdate":false,"showSkybox":true,"showFlares":true,"showImageEffects":true,"showParticleSystems":true},"in2DMode":false,"pivot":{"x":0.19989389181137086,"y":0.19989389181137086,"z":0.19989389181137086},"rotation":{"x":-0.2075977623462677,"y":0.191386416554451,"z":-0.04144924506545067,"w":-0.9584135413169861},"size":1.2955546379089356,"orthographic":false}