{"cameraMode":{"drawMode":0,"name":"Shaded","section":"Shading Mode"},"sceneLighting":true,"audioPlay":false,"sceneViewState":{"showFog":true,"showMaterialUpdate":false,"showSkybox":true,"showFlares":true,"showImageEffects":true,"showParticleSystems":true},"in2DMode":false,"pivot":{"x":0.029984084889292718,"y":0.029984084889292718,"z":0.029984084889292718},"rotation":{"x":-0.1521954983472824,"y":0.6588367819786072,"z":-0.1385691910982132,"w":-0.7235807776451111},"size":1.3943331241607667,"orthographic":false}